"Slug","Blog Title","Blog Text","Blog Introduction","Blog Picture","Blog Picture:alt","Date","Author"
"new-wednesday-night-offerings","New Wednesday Night Offerings","<p>Central has Wednesday night classes for all ages, with the Children's and Youth Ministries offering classes for their ages, and a rotating slate of classes for adults. All classes begin at 6:30 pm. In the fall of 2024, we have four different Wednesday night offerings for adults to choose from: </p><h2>Following Moses to Freedom</h2><p>Abbie Miller is teaching a class for women that looks at the story of Moses as a lens for how we can experience God's freedom in our of lives. </p><h2>Practicing the Way</h2><p>Chad Tappe and Steven Hovater are leading a group through John Mark Comer's study, <em>Practicing the Way.</em> This series will be looking at Christianity as a way of life, with particular practices giving it structure. This class is open to everybody.</p><h2>Marriage</h2><p>Shannon Cooper and other guests are leading a class for married men and women. A different couple will join Shannon each week to share what they've learned through the marriage journey.  </p><h2>The Mix</h2><p>Meech Geter leads a group of Emerging Adults (18-25) at the Mix, which is currently studying through Paul's Epistles.  </p>","","https://framerusercontent.com/images/QV5DPjMQDYMnZSn2boSpdEZc7o.png","","2024-09-04T00:00:00.000Z",""
"demons-at-church","Demons at Church","<p>The gospel of Mark has no shortage of stories where Jesus encounters demons. Remarkably, the first time we Jesus encountering—and exorcising—an evil spirit is…at church! </p><p>Actually, it was a synagogue, one of the gathering spaces for Jews to gather and worship. I used the word ""church"" not because I want to erase the Jewishness of the space, but rather because I want to underline the commonality of experience between this episode and my own community. I risk the change from ""synagogue"" to ""church"", as problematic as that is, because I want to highlight that this demon shows up at a religious gathering. What an improbable place to find a demon in the first place! </p><p>And yet, too many people know the deep hurt of having received some of the deepest wounds in church contexts. The headlines uncovering stories abuse are sensational enough, but the truth is that for each story that reaches the papers, there are scores of other people who have suffered from reckless practices and toxic theologies, or who have known the violence of abuse or the destructive power of manipulative predators. Common gossip and slander have cut innumerable souls to pieces, and the church often struggles to display the love upon which it was founded.</p><p>Demons indeed. </p><p>It's telling that in Mark, Jesus's assault on the demonic powers begins in a religious gathering. The good people gathered their for worship may or may not have been surprised when an unclean spirit was unmasked before their eyes…but I'd be surprised if they were completely naive of the potential for evil that lurks within humans—even those who gather to listen to the word of God. </p><p>The good news of the gospel is that even here, in the most outlandish sanctuary of evil, Jesus goes to work sending the demons away. The church—as much as anybody else!—needs the Lord to counter the forces of evil that live among us. <br><br>And thanks be to God…He does! </p><p>God meets us. God speaks. God's spirit moves to show us the truth, and to turn away the deceptive illusions of evil that would have their way with us. </p>","The gospel of Mark has no shortage of stories where Jesus encounters demons. Remarkably, the first time we Jesus encountering—and exorcising—an evil spirit is…at church! ","https://framerusercontent.com/images/yAi4O5jtI1ADkmR7TSZAgDGDM.jpg","","2024-05-28T00:00:00.000Z","Steven Hovater"
"prayer-and-the-love-of-god","Prayer and the Love of God","<p>“<em>The number one obstacle the modern person faces when it comes to prayer is an inability to receive the love of God.</em>”</p><p>-Tyler Staton</p><p>As we near the end of February, take this day to open your heart more fully to the love of God. </p><p>For many disciples, even after years of following Jesus, we find that we still have some reluctance to fully receiving his love, holdout parts of our selves that still want to resist the full-blown love of God. &nbsp;</p><p>Today, explore your own heart. How ready to receive and dwell in the love of God are you? What resistance is still operative in your being? &nbsp;</p><p>In prayer, ask God’s Spirit to open your own heart, piece by piece to his love. Ask God to show you more and more of his love, and pull you into a deeper knowledge of his love. </p><p>May your experience of God’s love deepen your capacity for prayer, and may your prayers deepen your experience of God’s love! </p><p><em>“I pray that, according to the riches of his glory, he may grant that you may be strengthened in your inner being with power through his Spirit, and that Christ may dwell in your hearts through faith, as you are being rooted and grounded in love. I pray that you may have the power to comprehend, with all the saints, what is the breadth and length and height and depth, and to know the love of Christ that surpasses knowledge, so that you may be filled with all the fullness of God.”</em> </p><p>- Eph 3:16–19</p>","“The number one obstacle the modern person faces when it comes to prayer is an inability to receive the love of God.” -Tyler Staton","https://framerusercontent.com/images/Zjk771Ep348xdcXESK8hms1ggqw.jpg","","2023-02-27T00:00:00.000Z","Steven Hovater"
"deliverance-belongs-to-the-lord","Deliverance Belongs to the Lord!","<p>Today, pray through this <em>deep</em> prayer from the Bible…it comes from Jonah, chapter 2. </p><p><em>I called to the LORD out of my distress, <br> and he answered me; </em></p><p><em>out of the belly of Sheol I cried, <br> and you heard my voice.</em></p><p><em>You cast me into the deep, <br> into the heart of the seas, <br> and the flood surrounded me; <br> all your waves and your billows passed over me.</em></p><p><em>Then I said, ‘I am driven away from your sight; <br> how shall I look again upon your holy temple?’</em></p><p><em>The waters closed in over me; <br> the deep surrounded me; <br> weeds were wrapped around my head</em></p><p><em>at the roots of the mountains. </em></p><p><em>I went down to the land whose bars closed upon me forever; yet you brought up my life from the Pit, O LORD my God.</em></p><p><em> As my life was ebbing away, I remembered the LORD; </em></p><p><em>and my prayer came to you, </em></p><p><em>into your holy temple.</em></p><p><em>Those who worship vain idols forsake their true loyalty.</em></p><p><em>But I with the voice of thanksgiving will sacrifice to you; </em></p><p><em>what I have vowed I will pay. </em></p><p><em>Deliverance belongs to the LORD!</em><a href=""https://www.arcentralchurch.org/central-message/prayer-and-the-love-of-god""><br></a></p>","Today, pray through this deep prayer from the Bible…it comes from Jonah, chapter 2.","https://framerusercontent.com/images/i4R3ML8hLCNyJRpLFG8VRzJveAc.jpg","","2023-02-26T00:00:00.000Z","Steven Hovater"
"help-thanks-wow","Help, Thanks, Wow","<p><em>“My three prayers are variations on Help, Thanks, Wow. That's all I'll ever need, besides the silence, the pain, and the pause sufficient for me to stop, close my eyes, and turn inward.” </em></p><p>- Anne Lamott</p><p>I’ve always loved this framework of prayer from Anne Lamott. I think she’s on to something in its raw simplicity. </p><p>At times, I can see myself drifting into seasons of prayer that lean towards one more than the others. I’ve had “Thanks” seasons and “Wow” seasons, and Lord knows I’ve had plenty of “Help” seasons, too! Does one of those describe this season of prayer for you more than the others? </p><p>Today, let your prayer be structured by this simple “Help, Thanks, Wow” framework. Beginning with “Help!”, let your prayers be simply for God’s aid and deliverance, both for you and those you know and love. </p><p>Moving towards “Thanks!”, spend a few moments dwelling on places where you’ve received God’s grace or blessing. Allow yourself to be moved towards gratitude. </p><p>Finish with “Wow!” My most reliable source of Wow prayers are probably the majesty of creation and the long overarching drama of how god saves the world by his son Jesus. </p><p>Help…Thanks…Wow. Beyond those three words, what more do you really need?</p>","“My three prayers are variations on Help, Thanks, Wow. That's all I'll ever need, besides the silence, the pain, and the pause sufficient for me to stop, close my eyes, and turn inward.” ","https://framerusercontent.com/images/yMGXxwyBtp90C7ZtCV1G46vF68.jpg","","2023-02-24T00:00:00.000Z","Steven Hovater"
"for-our-enemies","For Our Enemies","<p><em>“If a man wants God to hear his prayer quickly, then before he prays for anything else, even his own soul, when he stands and stretches out his hands towards God, he must pray with all his heart for his enemies. Through this action God will hear everything that he asks.”</em></p><p><em>- Abba Zeno</em></p><p>Oh, that this advice from the desert father Abba Zeno wasn’t so much easier said than done! </p><p>And yet, it is a good practice to ensure that our prayers don’t become too rooted in our own agenda, too immune from interests that are not our own. </p><p>Today, maybe you bear no ill will todays anyone. But search your heart. If you can find any latent grudge towards another person, or bear any animosity towards anyone who might be called your enemy, begin your prayer today by praying as wholeheartedly as you can for them. </p><p>Pray that God will bless them, that he will bring them honor, and redemption and salvation. Pray that God will bring them a full and complete joy. &nbsp;</p><p>Try to do this as unconditionally as possible—don’t pray for them only under a cloud of what you would change about them, even though some of those might be good changes indeed. Rather, simply give yourself to praying <em>for them. &nbsp;</em> &nbsp;</p><p>‍</p>","“If a man wants God to hear his prayer quickly, then before he prays for anything else, even his own soul, when he stands and stretches out his hands towards God, he must pray with all his heart for his enemies. Through this action God will hear everything that he asks.”","https://framerusercontent.com/images/sy7pE3kfAO7Kyc9X39etPOoKsw.jpg","","2023-02-23T00:00:00.000Z","Steven Hovater"
"attention","Attention","<p>I often think of prayer as “sacred attention”. Attention is at the very heart of prayer—and not just <em>our</em> attention.</p><p>While I write this, Birdie, our too-large puppy, &nbsp;is using all of her fluffy self to try and get my attention. She butts her head against my legs. She wriggles her nose underneath my elbow. She went and got a squeaky gingerbread-man toy and chomped on it a billion times—right by my ear. &nbsp;Finally, she dropped it on my laptop’s keyboard. &nbsp;</p><p>She is totally <em>begging</em> for attention. </p><p>I want you to know, this is <em>absolutely nothing</em> like prayer. </p><p>In prayer, we need not demand God’s attention, or do tricks to earn it. As we turn our attention to God, we can know that his attention, his infinite and loving attention, is already on us. We pray to a God who is already listening, watching, waiting for us to return to the conversation. &nbsp;</p><p>Attention is in short supply in our world. I know mine often feels pulled in a billion directions. It is impossible for me to grasp God as a being with infinite attention—but that is God’s nature. </p><p>Many of us feel desperate to know that anybody is giving us the attention we are starved to receive. </p><p>And yet, God waits for us. </p><p>God waits, fully attentive, for you and me.</p>","I often think of prayer as “sacred attention”. Attention is at the very heart of prayer—and not just our attention.","https://framerusercontent.com/images/XhAWQfwwk7erHagUA8Oe8AcvH7s.jpg","","2023-02-22T00:00:00.000Z","Steven Hovater"
"surrender","Surrender","<p>It is in surrendering to the will of the One with all authority we enjoy freedom. Contrary to popular modern theory, giving up is winning. Our nature doesn’t like this narrative. Jesus liked nothing better than to throw a wrench in the plans of the religious know-it-alls and showing how the plans of God’s Kingdom run counter to human expectations. </p><p>Especially in the practice of prayer, rather than composing David-ish prose, Jesus keeps its real and keeps it simple. He breaks down the basics of prayer and most importantly mimics the form of what he has taught. Take a look at Matthew chapter 6 and chapter 26. There’s the Teacher, teaching by example. &nbsp;</p><p>“<em>Father, your will be done.</em>”</p><p>“<em>Not my will, but yours</em>.”</p><p>Using a simple liturgy, Jesus demonstrates giving away getting his way as the exemplary prayer. Jesus’ love took the same form, giving power away for the benefit of others. When we pray, seeking in our hearts a posture of surrender, we receive the peace and presence of God in our hardest moments—just as Jesus did in his.</p>","It is in surrendering to the will of the One with all authority we enjoy freedom.","https://framerusercontent.com/images/kuTgteKWbEwFswtpUIUFHgsc.jpg","","2023-02-20T00:00:00.000Z","Steven Hovater"
"thank-you","Thank you","<p>Let your prayer today revolve around gratitude. </p><p>I suggest a small/big/small/big sort of rhythm, where you begin by praying for very simple, concrete things, like your morning coffee or the warmth of your bed. Give thanks for the movements of your fingers and the beating of your heart. Give thanks for breath. Give thanks for a moment of laughter, or for a chance to see somebody you love. You get the idea. </p><p>And then, let these little things move you to giving thanks for some of the bigger, maybe a little more abstract, things in your life. Give thanks for the love you share with people, or for the chance to have fruitful relationships or work. Give thanks for God’s grace and mercy. &nbsp;Give thanks for life itself. &nbsp;</p><p>After a while, move back to giving thanks for some more small, simple, concrete things. &nbsp;And then back to the bigger themes. Go on like this for a long as you wish, deepening your gratitude as you go. &nbsp;</p><p>We will never get to the bottom of the list of things for which we may give thanks. </p><p>Bring it all to God, who is the Giver of all good things.</p>","“If the only prayer you ever say in your entire life is ‘thank you’, it will be enough.”","https://framerusercontent.com/images/CZPeybUt9oSGfJGm4EKTPInTQI.jpg","","2023-02-15T00:00:00.000Z","Steven Hovater"
"beloved","Beloved","<p><em>“But truly God has listened; <br>he has given heed to the words of my prayer. &nbsp;<br>Blessed be God, because he has not rejected my prayer <br> or removed his steadfast love from me.”</em></p><p>Psalm 66:19–20</p><p>Today, pray in full confidence that you are loved by God! By the testimony of the cross, God has declared you to be one of his beloved children, one with whom he eagerly desires to spend eternity! He is not begrudgingly allowing you in or only half-hearted concerned with you. He is fully invested, fully devoted to pursuing you in love. &nbsp;</p><p>So pray in confidence of that love! Let your prayer begin by acknowledging it, and by giving great thanks for it! The Lord who awaits you in prayer deeply loves you!</p>","But truly God has listened; he has given heed to the words of my prayer. Blessed be God, because he has not rejected my prayer or removed his steadfast love from me.","https://framerusercontent.com/images/Zy13eLuCkfcd0r5D3pUHi2prY.jpg","","2023-02-14T00:00:00.000Z","Steven Hovater"
"only-loving-things","Only Loving Things","<p>“<em>When we pray we enter the real world, the substance of the kingdom, and our bodies and souls begin to function for the first time as they were created to function</em>.” </p><p>- Dallas Willard</p><p><em>Father, Christ, and Holy Spirit</em></p><p><em>You are in me and all around me.</em></p><p><em>May you be lifted to the highest by my voice and by those all over the world.</em></p><p><em>Help me today to love all who come in my path. For you are love and I want to be like you. Be it a smile, a listening ear, a cup of cold water, may I ever do only loving things in your name. </em></p><p><em>Help me speak out for justice and to be alert to the needs of others that I don’t know well but need an advocate. Help me to be bothered when others’ rights are violated. Diffuse my hopelessness with joy and energy to press on in love through opposition. May I ever do only loving things in your name. </em></p><p><em>Help me to love those closest to me with encouragement, nearness, compassion, patience, and empowerment. Help me to speak to them of your indwelling and guidance when times are bleak. Help us as a family to see the ways You are at work in the world so that we can join You and encourage each other to do only loving things in your name. </em></p><p><em>Help me to look at every person all over the world no matter their religious, political, or economic backgrounds as a cherished creation of yours. Help me to root for and aid the underdog and to not care when others criticize or misunderstand me by my alignment with them. May I ever do only loving things in your name. </em></p><p><em>When I am quick to rolls my eyes, turn aside, and be unloving, please forgive me and guide me back to the path set before me. When I am angry, help me to channel it as a vaccine against apathy but away from destruction. When I am wrong, help me ask those I’ve wronged for forgiveness. And help me to forgive those who offend me and love them anyway. May I ever do only loving things in your name.</em></p><p><em>Amen.</em></p>","“When we pray we enter the real world, the substance of the kingdom, and our bodies and souls begin to function for the first time as they were created to function.” ","https://framerusercontent.com/images/ueRWBLW8TrFm1BUMrJQxCblckU.jpg","","2023-02-13T00:00:00.000Z","Andrea Tappe"
"steven-hovater","Steven Hovater","<p>Contentment is not often something that just happens to us. Nor is it like a switch that we can simply turn on when we wish. </p><p>Contentment must be cultivated. </p><p>The soil of our hearts may be too cluttered and unprepared for it to grow well…we may have some rocks to move or some weeds to pull. &nbsp;Or, perhaps there are too many dead and withered branches in our lives, and we have some pruning work to do to trim away some of the lifeless things. Maybe there’s a parasite, something sucking the spirit of contentment straight out from our soul. </p><p>Or perhaps contentment has grown, hidden from our awareness. Perhaps a quiet contented spirit has been taking shape within us. Perhaps just under the surface we can discover simple joy and satisfaction, and we are ready for a season of thanksgiving. &nbsp;</p><p>Today, let your prayers invite the spirit to help you explore your soul’s contentment. </p><p>Where are you now? </p><p>What remains restless and unsettled? </p><p>How is God leading you towards a contented life?<a href=""https://www.arcentralchurch.org/central-message/cjnnhiw7ja6ybr9m08u01jcp4yzaqn""><br></a></p>","Contentment is not often something that just happens to us. Nor is it like a switch that we can simply turn on when we wish. ","https://framerusercontent.com/images/t8m9273cfNnEglPu17G8b3Kgzc.jpg","","2023-02-12T00:00:00.000Z","Steven Hovater"
"prayer-entry","Prayer Entry","<p>I think for most of us, prayer is something we don’t do nearly enough. I know that for a long time, I really only prayed for my needs or the needs of my loved ones. Though I always thank God for all that he has done for me, mostly I just asked for things.</p><p>What guided me towards a difference in my prayer life was an initiative we as a church did several years ago. I think it was called 24 hours of prayer. I found that, in trying to pray for this amount of time, it became an ongoing chat with God, which is something I still practice. I make some long drives to do the volunteer work God has given me. I always ask that he take me there and back safely, and we have quite the conversations on the road. This would not be for everyone, but I stopped turning on the radio and I use this time to think, talk to God and listen.</p><p>Recently, we had a wonderful study on the Psalms. I always read them as a wonderfully poetic way to praise God, (not being much of a poet myself). But thanks to this study, I look at them in a whole new way, as prayers. Oddly enough when you read them as prayers, they sound and feel totally different.</p><p>Read Psalm 46 as a prayer and you’ll see what I mean:</p><p><em>Come, behold the works of the LORD;<br> &nbsp; &nbsp; &nbsp;see what desolations he has brought on the earth.<br> He makes wars cease to the end of the earth;<br> &nbsp; &nbsp; &nbsp;he breaks the bow, and shatters the spear;<br> &nbsp; &nbsp; &nbsp;he burns the shields with fire.<br> “Be still, and know that I am God!<br> &nbsp; &nbsp; &nbsp;I am exalted among the nations,<br> &nbsp; &nbsp; &nbsp;I am exalted in the earth.”</em></p>","I think for most of us, prayer is something we don’t do nearly enough","https://framerusercontent.com/images/73PCz1fhfwBiQUwuKZBJxpgJjo.jpg","","2023-02-11T00:00:00.000Z","Thea Sanchez"
"questions","Questions","<p>What questions do you desire to bring to God today? </p><p>Questions of discernment?</p><p>Questions of frustration?</p><p>Questions of curiosity, or wonder? </p><p>Today, let your mind dwell on your questions, bringing them to God slowly, with patience. </p><p>Seek the voice of God’s Spirit. </p><p>Do you perceive an answer? </p><p>Are you ready to receive an answer? <a href=""https://www.arcentralchurch.org/central-message/from-thea-sanchez""><br></a></p>","What questions do you desire to bring to God today? ","https://framerusercontent.com/images/fYF0ZN6z2xZdf8hSyby3lKhI.jpg","","2023-02-10T00:00:00.000Z","Steven Hovater"
"prayer-and-candor","Prayer and Candor","<p>“<em>We must lay before him what is in us, <br> not what ought to be in us.</em>”</p><p>- C. S. Lewis</p><p>Lewis is right in the quip above—it will do us no good at all to pretend in prayer to be otherwise than we are. The good news is that God welcomes us to come, just as we are. </p><p>Prayer us a space in which we can take away any masks or illusions—no pretense is necessary. Whether we are happy or in distress, feeling apathetic or convicted, let us go to God in the simple honesty of who we really are in this moment, no matter how raw our emotions may be. The Psalms certainly witness to God’s ability to handle it! </p><p>Let your prayer today stretch towards greater honesty!</p>","“We must lay before him what is in us, not what ought to be in us.” - C. S. Lewis","https://framerusercontent.com/images/HQxijeUdwgNymIzxPbVC01S1fI.jpg","","2023-02-09T00:00:00.000Z","Steven Hovater"
"cain-hagar-and-prayer","Cain, Hagar, and Prayer","<p>It is debatable as to when prayer is first mentioned or introduced in the Biblical text, but most arguments hold that the first prayers consist of humans having access to communicate with God. The creation story naturally comes to mind. But there are two early interactions with God that often are overlooked in studies on prayer. Cain’s conversation with God after murdering his brother and Hagar’s visit from the angel of the Lord in the desert. These two scandalous figures in the text have dialogue with God. </p><p>Perhaps we’ve missed these two important conversations because they are had by “sinners.” What can we learn from a murderer or a woman who for all practical purposes is an adulterer (albeit she was asked to be a surrogate)? </p><p>In both of these conversations (1) God (or an angel of the Lord) initiates the contact, (2) God offers protection. God sees them and comes to them in their worst moments. </p><p>Hagar’s response should get more air time or shareable graphics– “You are the God who sees me, I have now seen the One who sees me.” Access to God is not barricaded. God sees us who have a narrative of shame or who have been scripted as the outcast by our community. </p><p>Our prayers may not always be initiated by us, but may come solely in the gift of God’s protective presence. When we cannot form words, or we fear we are untouchable, God sees us still and we are within God’s loving reach.</p>","It is debatable as to when prayer is first mentioned or introduced in the Biblical text, but most arguments hold that the first prayers consist of humans having access to communicate with God. ","https://framerusercontent.com/images/coJ5Jxd8QWD7D8OdEfgmyKunTI.jpg","","2023-02-08T00:00:00.000Z","Erin Brogdon"
"access","Access","<p>Have you ever had the opportunity to meet a celebrity? Maybe it's a politician or sports figure. For a few moments you interact and have a story to tell about how their generosity, or maybe they didn’t quite live up to your expectations of greatness. </p><p>There is certainly a human attraction to power which draws us to desire access to people with authority. We have been convinced that replicating, or reaching out to the powerful humans we see gains us access to a part of their greatness. This theory is not entirely incorrect, only misplaced. </p><p>In the gospels the overwhelming message is God is here with us in Jesus Christ and he has ultimate authority from God. Even in the first chapter of the New Testament, Matthew places this truth front and central. Jesus is Lord and is with you. More verses in Paul’s letters speak to the authority of Jesus and our access to this authority than any other singular message. For example, take Col 2:9, “<em>For in Christ all the fullness of the Deity lives in bodily form, and in Christ you have been brought to fullness. He is the head over every power and authority.”</em></p><p>Further if we pay attention to Paul’s prayers, we are acutely aware that he urges Christ followers to pray with confidence in our <em>direct</em><strong> </strong><em>access</em> to the supreme and “all-mighty” authority of the universe. There is nothing outside the realm of God’s authority and through Jesus…everything, all creation, has direct access to God.</p><p>Prayer then is our privilege to honor and delight in this access. To listen and to respond to the supreme power of Love in every moment, without ceasing. Prayer is rolling out the welcome mat for God to have access to our lives in response to the access we have to divine love.</p>","Have you ever had the opportunity to meet a celebrity?","https://framerusercontent.com/images/NBpibxv1W5xeOcw5XBUkZ3AQQ.jpg","","2023-02-07T00:00:00.000Z","Erin Brogdon"
"imagination-and-prayer","Imagination and Prayer","<p>Today, move towards your time in prayer with a moment of imagination. Picture Jesus in some space in your world, maybe in your house, or a nearby park. Imagine that you go to him, embrace, and begin to talk about the different things going on in your life. Perhaps you sit and talk over coffee, or maybe you walk together for a while. &nbsp;</p><p>What do you ask the Lord? What does he say? What do you share with him, just to get it off your chest? What do you rush to tell him in excitement? </p><p>Let all of this imaginative work move you to prayer, to praying with the head and heart. Know that Jesus is eager to be present with you today!<a href=""https://www.arcentralchurch.org/central-message/access""><br></a></p>","Today, move towards your time in prayer with a moment of imagination.","https://framerusercontent.com/images/EAgNkm0GZMAcGFxwaKDQyca8NI.jpg","","2023-02-06T00:00:00.000Z","Steven Hovater"
"us","US","<p>It’s often pointed out that the the Lord’s prayer uses “our/we/us” language instead of “my/I/me” language. In your prayers on this Sunday, remember that you pray as part of a body, community. </p><p>Let your prayers be in solidarity with those in the community who are struggling. Pray for your brothers and sisters, that they will grow in Jesus, and be faithful as his disciples. </p><p>Pray that God will bless us and use us to bless others. And give god thanks that he has bound us into a community together in the name of Jesus!</p>","It’s often pointed out that the the Lord’s prayer uses “our/we/us” language instead of “my/I/me” language.","https://framerusercontent.com/images/YgRBymV6kNPKLqyvFZLzOFxpZx0.jpg","","2023-02-05T00:00:00.000Z","Steven Hovater"
"an-intercession-exercise","An Intercession Exercise","<p>Today, bring a friend before God in prayer. Before doing so, spend a little time “walking in their shoes”, thinking through the different situations and experiences of their life and what it might feel like to be in their place. &nbsp;</p><p>Holding your love for them in your heart, let your prayer flow from this, simply holding them up to God in prayer. Remembering that God’s love for them is deep and strong, &nbsp;ask the Lord to bless them. Ask if there is any way that you can be a part of the Lord’s blessing in their life. </p><p>Dwell in your love for them, and in the Lord’s great love for them.<a href=""https://www.arcentralchurch.org/central-message/19ij7n4i1mjlrjmp5g9vg1vjgk4xsi""><br></a></p>","Bring a friend before God in prayer.","https://framerusercontent.com/images/7QqyCpuS15KX8ZUYAInNxcNsVw.jpg","","2023-02-04T00:00:00.000Z","Steven Hovater"
"praying-from-the-gospel","Praying from the Gospel","<p>Today, prepare for prayer by remembering the gospel of Jesus, the one who by his cross and resurrection has given you life. Dwell on this question: <em>What is the gospel to you</em>? &nbsp;</p><p>After doing that for a moment or two, allow your prayer to grow out of this reflection on the gospel. </p><p>We come boldly into prayer because of the gospel of Jesus! By it we are led to gratitude, wonder, and adoration, and we are met in prayer by the embrace of love. The one to whom we pray has rescued us and opened up a way of salvation, because of his great love!<a href=""https://www.arcentralchurch.org/central-message/praying-and-seeing""><br></a></p>","Today, prepare for prayer by remembering the gospel of Jesus, the one who by his cross and resurrection has given you life.","https://framerusercontent.com/images/OxwiNR26btrajo5VdaATk1ZM8A.jpg","","2023-02-02T00:00:00.000Z","Steven Hovater"
"short-prayers-from-scripture","Short Prayers from Scripture","<p>“Be pleased, O God, to deliver me.  O LORD, make haste to help me!”<br>(Psalm 70:1)</p><p>“Turn, O LORD! How long?<br>Have compassion on your servants.”<br>(Psalm 90:13)</p><p>“Do not be far from me,<br>for trouble is near <br>and there is no one to help.”<br>(Psalm 22:11)</p><p>“I believe; help my unbelief!”<br>(Mark 9:24)</p><p>“Lord, help me.”<br>(Matthew 15:25)</p><p>“Here am I, the servant of the Lord; <br>let it be with me according to your word.”<br>(Luke 1:38)</p><p>“My God, my God, why have you forsaken me?”<br>(Mark 15:34)</p><p>“Come, Lord Jesus!”<br>(Revelation 22:20)</p><p><a href=""https://www.arcentralchurch.org/s/Short-Prayers.pdf"">For the Bookmark pdf, click here.</a></p>","“Be pleased, O God, to deliver me. O LORD, make haste to help me!”(Psalm 70:1)","https://framerusercontent.com/images/M3KKUhWwnOBN4vXy84ciaa2kURA.jpg","","2023-02-01T00:00:00.000Z","Steven Hovater"
"teach-us-to-pray","Teach Us To Pray","<p><em>“Lord, teach us to pray.” </em>- Luke 11:1</p><p>Today, begin with a prayer asking the Lord to bring you to himself in prayer, and asking God to teach us as a church community to pray! </p><p>Let us begin with humility, acknowledging that we have much to learn in the way of prayer. An ancient motto of the Benedictines says “Always we begin again.” And so it is: even as we build a habit of prayer, we never master it. We <em>submit</em> to it, or rather in prayer we continually submit ourselves to God. That work is never done, so we always come back, as though we were just beginning, and say, “Lord, teach me as you will.” And…he does. </p><p><em>Lord, teach us to pray!</em><a href=""https://www.arcentralchurch.org/central-message/short-prayers-from-scripture""><br></a></p>","“Lord, teach us to pray.” - Luke 11:1","https://framerusercontent.com/images/LGOc7hVsPNf3ZacsZboIsnY.jpg","","2023-02-01T00:00:00.000Z","Steven Hovater"
"the-table-of-faith","The Table of Faith","<p>The Table of Jesus is a table of faith. The cup reminds us of Jesus’s trust in God—he allowed himself to be poured out, trusting that God would use the gift of his blood for our salvation. </p><p>As we take the cup, we remember that Jesus himself acted in faith—his faith was a complete surrendering of himself to God, trusting in God alone. In allowing his life to be poured out, Jesus gave up his own power and control. He freely laid down his defenses in obedience to God, for the sake of others.</p><p>When we come to the table, we receive the gift that comes to us because of Jesus’s own faith, and are also called to live by faith ourselves. We receive the cup which is Jesus’s blood poured out for our sake, and say to God, “If it is your will, we will be willing to be poured out as well. We again submit our lives to you, trusting you with all that we are.""<a href=""https://www.arcentralchurch.org/central-message/teach-us-to-pray""><br></a></p>","The Table of Jesus is a table of faith.","https://framerusercontent.com/images/idlzxbendnII0a6gY8rSntSiQI.jpg","","2022-12-11T00:00:00.000Z","Steven Hovater"
"what-does-patience-produce","What Does Patience Produce?","<p>What benefit comes from practicing patience? What might God use the exercise of our endurance to produce in us? Might it be a way of God teaching us greater faith, or reliance on him? Might it teach us to seek God’s will more than our own? Might it test and strengthen our resolve? </p><p>Today, let us pray that God will use our longing and waiting for him to refine us according to his will. Let us pray that through our attentive patience, we will be further formed in the image of Jesus!</p>","What benefit comes from practicing patience?","https://framerusercontent.com/images/23YlmXCUMZ3sX6pHZ4XEyIXiC18.jpg","","2022-12-10T00:00:00.000Z","Steven Hovater"
"a-new-heavens-and-a-new-earth","A New Heavens and a New Earth","<p>Meditate on this text:</p><p>“But, in accordance with his promise, we wait for new heavens and a new earth, where righteousness is at home. Therefore, beloved, while you are waiting for these things, strive to be found by him at peace, without spot or blemish; and regard the patience of our Lord as salvation.”<br>(2 Peter 3:13–15 NRSV)<a href=""https://www.arcentralchurch.org/central-message/what-does-patience-produce""><br></a></p>","Meditate on this text","https://framerusercontent.com/images/sISYwbJEjN7UeTMUJFZlaFeGw.jpg","","2022-12-09T00:00:00.000Z","Steven Hovater"
"patient-sowing","Patient Sowing","<p><em>“The farmer waits for the precious crop from the earth, being patient with it until it receives the early and the late rains. You also must be patient. Strengthen your hearts, for the coming of the Lord is near.”<br></em>(James 5:7–8 NRSV)</p><p>James speak of our patient anticipation of Jesus’s return as being like farmers who have to wait to harvest the things they plant. Even after the sowing is done, we may have to pass through many storms in life before we receive a return! Some days we may even forget the seeds that we have buried in the soil, and forget that we are waiting to reap what we’ve sown. </p><p>Today, let your prayers turn to the things you are planting now that will be harvested when Jesus returns. What is it that you are sowing, patiently entrusting them to God?</p>","“The farmer waits for the precious crop from the earth, being patient with it until it receives the early and the late rains. You also must be patient. Strengthen your hearts, for the coming of the Lord is near.” (James 5:7–8 NRSV)","https://framerusercontent.com/images/IxOOIxWzzg06TyXL7RSUIrs.jpg","","2022-12-08T00:00:00.000Z","Steven Hovater"
"images-of-the-incarnation","Images of the Incarnation","<p>The story of the incarnation of the son of God gives us a rich selection of imagery. Each image evokes a world of meaning. Consider the following as you enter into prayer today: </p><p>Bethlehem, the City of David.<br>Shepherds. Wise men. <br>Herod.<br>A Manger. <br>Mary.<br>Joesph. <br>Gabriel. <br>Elizabeth. Zechariah. <br>Light. A Star. An Angel Chorus. </p><p>God, may the story of your arrival in Bethlehem, sharpen our anticipation of your return!<a href=""https://www.arcentralchurch.org/central-message/patient-sowing""><br></a></p>","The story of the incarnation of the son of God gives us a rich selection of imagery.","https://framerusercontent.com/images/nsn2vOXVae4sHNWhCzLjvUR2rs.jpg","","2022-12-07T00:00:00.000Z","Steven Hovater"
"points-of-light","Points of Light","<p>Sometimes we experience light from a single source, like the sun burning at midday or a lamp that can fill a room. &nbsp;</p><p>But at this time of year, we can find any number of years, houses, and trees that are lit up by hundreds of smaller lights, each one contributing to the beauty the season. &nbsp;</p><p>Who are some of the lights in your life? Who are the people in your life who are offering a little bit of hope and love to light up the dark and give beauty to your life? </p><p>Give thanks for the light you see!</p>","Sometimes we experience light from a single source, like the sun burning at midday or a lamp that can fill a room.","https://framerusercontent.com/images/2THW0GBPoZqG71sEeXl35Qqfe9A.jpg","","2022-12-06T00:00:00.000Z","Steven Hovater"
"psalm-130","Psalm 130","<p>Today, we’re praying through Psalm 130. Many of the psalms carry tones that resonate with the advent theme of waiting on God, and make wonderful companions for prayer! </p><h3>Psalm 130</h3><p>Out of the depths I cry to you, O LORD.</p><p>Lord, hear my voice! <br> Let your ears be attentive </p><p>	to the voice of my supplications! &nbsp;</p><p>If you, O LORD, should mark iniquities, <br> 	Lord, who could stand?</p><p>But there is forgiveness with you, </p><p>	so that you may be revered. &nbsp;</p><p>I wait for the LORD, my soul waits, </p><p>	and in his word I hope;</p><p>my soul waits for the Lord </p><p>	more than those who watch for the morning, </p><p>	more than those who watch for the morning. &nbsp;</p><p>O Israel, hope in the LORD! </p><p>For with the LORD there is steadfast love, <br> 	and with him is great power to redeem.</p><p> It is he who will redeem Israel from all its iniquities.</p><p><br><br class=""trailing-break""></p><p>(New Revised Standard Version)<a href=""https://www.arcentralchurch.org/central-message/points-of-light""><br></a></p>","Today, we’re praying through Psalm 130. Many of the psalms carry tones that resonate with the advent theme of waiting on God, and make wonderful companions for prayer!","https://framerusercontent.com/images/WIg77LgkzCskZakIHd5BLlPIAQ.jpg","","2022-12-05T00:00:00.000Z","Steven Hovater"
"the-table-of-abundant-enough","The Table of Abundant-Enough","<p>The table of Jesus is neither a table of lacking nor of excess. Its extravagance is only in its abundant enough-ness. We come not to indulge our wild desires, but to be filled according to what God knows we need. </p><p>We do not walk away from the Lord’s table holding our guts, in pain caused by our over-indulgence! Our appetites are not in charge at this table! Rather, we come away satisfied, knowing that God has once again provided us with a table of life!<a href=""https://www.arcentralchurch.org/central-message/psalm130""><br></a></p>","The table of Jesus is neither a table of lacking nor of excess.","https://framerusercontent.com/images/30eXRHNN473xJKV7wayI9CntXs.jpg","","2022-12-04T00:00:00.000Z","Steven Hovater"
"prayer-from-a-longing-heart","Prayer from a Longing Heart","<p>As we lean into our longings for the Lord, we come to grips with our inability to comprehend—much less control—God’s timing. Jesus reminds his disciples to stay awake, “for you know neither the day nor the hour.” (Matt 25:13) We certainly cannot force God’s hand! </p><p>To be sure, there are many times when our hearts say, “He’s late.” Or, “He should be here by now!” Or perhaps we would like to boss God around, saying, “Hurry up, already!” </p><p>Sometimes our prayers are like that. In times when our pain is intense, our longing may feel excruciating. Or perhaps we feel that urgency not for ourselves, but for others we know whose suffer unbearable. Perhaps it is even for strangers that our hearts break. God knows that in such times, our hearts cannot help but cry out, “Come, Lord Jesus.”</p><p>But sometimes, our hearts simply dwell on the longing, asking with the poets and prophets of Israel, “How long, O Lord?” &nbsp;Sometimes that question holds agony. Sometimes it is just our attempt to reach into the mystery of God’s timing. </p><p>How does the prayer of your longing feel today?</p><p>God embraces our longing hearts, no matter the nature of our longing. Today, let your prayer grow from the assurance of God’s embrace. Allow God’s spirit to help you know the longings of your own heart as deeply as God already understands them.</p>","As we lean into our longings for the Lord, we come to grips with our inability to comprehend—much less control—God’s timing.","https://framerusercontent.com/images/6SR90hX83ClCDIn6vxjc6sufLIg.jpg","","2022-12-03T00:00:00.000Z","Steven Hovater"
"already-and-not-yet","Already…and Not Yet","<p>The church carries &nbsp;Christ’s presence as both “already” and also ”not yet”. We know Jesus is “with us always, even to the end of the age”, and yet we pray, “Come Lord Jesus.” </p><p>We know that there is a sense in which Jesus is with us now and yet there is also a sense in which Jesus’s presence with us in this moment is hidden—not presently realized in its fullest. </p><p>During this season, we live in this precise tension, being grateful for the one we already call Immanuel (God with us), and the one for whom our hearts long to meet. Today, let your prayer come out of this “already” and “not yet”!<a href=""https://www.arcentralchurch.org/central-message/prayer-from-a-longing-heart""><br></a></p>","The church carries Christ’s presence as both “already” and also ”not yet”.","https://framerusercontent.com/images/JxeHQp9goRrHMeGjISLfrM9a0Lw.jpg","","2022-12-02T00:00:00.000Z","Steven Hovater"
"beyond-words","Beyond Words","<p><em>When you are praying, do not heap up empty phrases as the Gentiles do; for they think that they will be heard because of their many words.</em></p><p>Matthew 6:7</p><p>We typically think of prayer as words. Perhaps it is because we share our prayers with each other by words, or use words when we pray together. &nbsp;</p><p>Or maybe, we just…like words. &nbsp;</p><p>For whatever reason, we typically think of worded prayer as the norm and silent prayer as the exception. </p><p>But what if the opposite could be true—that silent prayer was the norm and worded prayers the exception?</p><p>I’ve found that my own prayer life has moved this direction over the past few years. Silent prayer is my norm. (I know that’s an ironic thing to say in a prayer blog containing a lot of my words.)</p><p>Today, let me commend silence to you. I find that the habit of taking a few moments in silence as a part of my prayer practice, and often the great majority of my time in prayer, has helped me be less restless in prayer, less worried about my feelings about prayer, and less concerned with getting prayer right. I find it to be very freeing. &nbsp;</p><p>Today, spend some time in silence, simply offering yourself to God’s presence. Cultivate the capacity to be still and quiet.<a href=""https://www.arcentralchurch.org/central-message/deliverance-belongs-to-the-lord""><em><br></em></a></p>","When you are praying, do not heap up empty phrases as the Gentiles do; for they think that they will be heard because of their many words.","https://framerusercontent.com/images/UQ7Nd4m0pWL2OlntZgvapQeBY38.jpg","","2022-02-25T00:00:00.000Z","Steven Hovater"
"praying-and-seeing","Praying and Seeing","<p><em>“Prayer is the act of seeing reality from God’s point of view.”</em></p><p>- Philip Yancey</p><p>Today, let your prayer grow from a desire to see things as God sees them. If you are reading this in the morning, ask God to give you insight to see the people and places your will encounter today as they really are. If reading this in the evening, look back and reflect on what you’ve seen and whether or not that is how God might view things. </p><p>In prayer, our hearts reach out to God, to the one before who all is laid bare. God sees everything as it truly is—and indeed sees us truly as well. &nbsp;As we reach out, ask God to help us perceive things more clearly. </p><p><em>God, help us to see truly, that we may love more truly.</em></p>","“Prayer is the act of seeing reality from God’s point of view.” - Philip Yancey","https://framerusercontent.com/images/j2fJ1Kpo0aoruMFhORjcXQsMJN0.jpg","","2022-02-03T00:00:00.000Z","Steven Hovater"
"for-each-other","For Each Other","<p><em>“And pray in the Spirit on all occasions with all kinds of prayers and requests. With this in mind, be alert and always keep on praying for all the Lord’s people.”</em></p><p>Ephesians 6:18</p><p>It is good for brothers and sisters in the Lord to pray for each other, and to pray with each other. As the family of God, what is more natural than for us to speak with the Father about each other’s needs? </p><p>Some of our bothers and sisters are of course closer to us. Some would be distant strangers to us, except for the work of Jesus. </p><p>Some we know deeply, having weathered some of life’s challenges together. </p><p>Some we know, but only a little, maybe enough to recognize them as someone from church. </p><p>Others we know because we’ve heard their story, or perhaps remember something they shared in worship some time ago which moved us. Still others we’ve only spoken to occasionally, but we always stop to pray fro them when they offer requests on the church’s Facebook page. &nbsp;</p><p>We have many different types of relationships with the Lord’s people. But our work of praying for each other can encompass all of those types of relationships. &nbsp;</p><p>Today, let your prayers focus on intercession, approaching God on behalf of your brothers and sisters in Jesus!</p><p>‍</p>","“And pray in the Spirit on all occasions with all kinds of prayers and requests. With this in mind, be alert and always keep on praying for all the Lord’s people.” Ephesians 6:18","https://framerusercontent.com/images/B5aMuvRHdMc8TZNSjJ78s9iIVGg.jpg","","",""